<?xml version="1.0" encoding="UTF-8" standalone="no"?>
<!-- Begin document body -->
<fimo version="5.0.1" release="Thu Jul 26 17:15:19 2018 -0700">
  xmlns:xsi="http://www.w3.org/2001/XMLSchema-instance"
  xsi:schemaLocation=  xmlns:fimo="http://noble.gs.washington.edu/schema/fimo"
>
<command-line>/software/meme/5.0.1/bin/fimo --parse-genomic-coord --verbosity 1 --oc memechip_out2/fimo_out_5 --bgfile memechip_out2/background --motif SCS memechip_out2/dreme_out/dreme.xml memechip_out2/pos.fa.masked</command-line>
<settings>
<setting name="output directory">memechip_out2/fimo_out_5</setting>
<setting name="MEME file name">memechip_out2/dreme_out/dreme.xml</setting>
<setting name="sequence file name">memechip_out2/pos.fa.masked</setting>
<setting name="background file name">memechip_out2/background</setting>
<setting name="allow clobber">true</setting>
<setting name="compute q-values">true</setting>
<setting name="parse genomic coord.">true</setting>
<setting name="text only">false</setting>
<setting name="scan both strands">true</setting>
<setting name="output threshold">0.0001</setting>
<setting name="threshold type">p-value</setting>
<setting name="max stored scores">100000</setting>
<setting name="pseudocount">0.1</setting>
<setting name="verbosity">1</setting>
<setting name="selected motif">SCS</setting>
</settings>
<sequence-data num-sequences="5000" num-residues="2000000" />
<alphabet name="DNA" like="dna">
<letter id="A" symbol="A" complement="T" name="Adenine" colour="CC0000"/>
<letter id="C" symbol="C" complement="G" name="Cytosine" colour="0000CC"/>
<letter id="G" symbol="G" complement="C" name="Guanine" colour="FFB300"/>
<letter id="T" symbol="T" aliases="U" complement="A" name="Thymine" colour="008000"/>
<letter id="N" symbol="N" aliases="X." equals="ACGT" name="Any base"/>
<letter id="V" symbol="V" equals="ACG" name="Not T"/>
<letter id="H" symbol="H" equals="ACT" name="Not G"/>
<letter id="D" symbol="D" equals="AGT" name="Not C"/>
<letter id="B" symbol="B" equals="CGT" name="Not A"/>
<letter id="M" symbol="M" equals="AC" name="Amino"/>
<letter id="R" symbol="R" equals="AG" name="Purine"/>
<letter id="W" symbol="W" equals="AT" name="Weak"/>
<letter id="S" symbol="S" equals="CG" name="Strong"/>
<letter id="Y" symbol="Y" equals="CT" name="Pyrimidine"/>
<letter id="K" symbol="K" equals="GT" name="Keto"/>
</alphabet>
<motif name="GCCVYC" alt="DREME-1" width="6" best-possible-match="GCCCCC"/>
<motif name="GSRGS" alt="DREME-2" width="5" best-possible-match="GGAGG"/>
<motif name="CVSC" alt="DREME-3" width="4" best-possible-match="CACC"/>
<motif name="CSWS" alt="DREME-4" width="4" best-possible-match="CCTG"/>
<motif name="SCS" alt="DREME-5" width="3" best-possible-match="GCC"/>
<motif name="GCWC" alt="DREME-6" width="4" best-possible-match="GCTC"/>
<background source="memechip_out2/background">
<value letter="A">0.236</value>
<value letter="C">0.264</value>
<value letter="G">0.264</value>
<value letter="T">0.236</value>
</background>
<cisml-file>cisml.xml</cisml-file>
</fimo>
