prim_db	prim_id	prim_alt	prim_cons	sec_db	sec_id	sec_alt	sec_cons	trim_left	trim_right	red_db	red_id	red_alt	E-value	gap	orient	count	total	adj_p-value	p-value
dreme.xml	GSRGS	DREME-2	GSAGS	dreme.xml	GCCVYC	DREME-1	GCCMYC	0	0	.	.	.	1.93e-11	1	8	78	4001	2.74e-16	2.47e-15
dreme.xml	GSRGS	DREME-2	GSAGS	dreme.xml	GCCVYC	DREME-1	GCCMYC	0	0	.	.	.	1.93e-11	1	0	36	4001	5.23e-16	4.70e-15
dreme.xml	GSRGS	DREME-2	GSAGS	dreme.xml	GCCVYC	DREME-1	GCCMYC	0	0	.	.	.	1.93e-11	1	4	51	4001	1.12e-15	1.01e-14
dreme.xml	GSRGS	DREME-2	GSAGS	dreme.xml	GCCVYC	DREME-1	GCCMYC	0	0	.	.	.	1.93e-11	1	5	50	4001	4.22e-15	3.80e-14
dreme.xml	GSRGS	DREME-2	GSAGS	dreme.xml	GCCVYC	DREME-1	GCCMYC	0	0	.	.	.	1.93e-11	5	8	61	4001	2.73e-09	2.46e-08
dreme.xml	GSRGS	DREME-2	GSAGS	dreme.xml	GCCVYC	DREME-1	GCCMYC	0	0	.	.	.	1.93e-11	5	4	36	4001	4.87e-08	4.39e-07
dreme.xml	GSRGS	DREME-2	GSAGS	dreme.xml	GCCVYC	DREME-1	GCCMYC	0	0	.	.	.	1.93e-11	5	5	34	4001	3.37e-07	3.03e-06
dreme.xml	GSRGS	DREME-2	GSAGS	dreme.xml	GCCVYC	DREME-1	GCCMYC	0	0	.	.	.	1.93e-11	21	5	32	4001	2.08e-06	1.87e-05
dreme.xml	GSRGS	DREME-2	GSAGS	dreme.xml	GCCVYC	DREME-1	GCCMYC	0	0	.	.	.	1.93e-11	29	8	52	4001	2.27e-06	2.04e-05
dreme.xml	GSRGS	DREME-2	GSAGS	dreme.xml	GSRGS	DREME-2	GSAGS	0	0	.	.	.	3.66e-05	1	8	138	11826	5.16e-10	4.64e-09
dreme.xml	GSRGS	DREME-2	GSAGS	dreme.xml	GSRGS	DREME-2	GSAGS	0	0	.	.	.	3.66e-05	1	5	75	11826	8.38e-08	7.54e-07
dreme.xml	GSRGS	DREME-2	GSAGS	dreme.xml	GSRGS	DREME-2	GSAGS	0	0	.	.	.	3.66e-05	1	4	72	11826	5.39e-07	4.85e-06
dreme.xml	GSRGS	DREME-2	GSAGS	dreme.xml	CSWS	DREME-4	CCWS	0	0	.	.	.	6.00e+00	0	0	0	0	1.00e+00	1.00e+00
dreme.xml	GSRGS	DREME-2	GSAGS	dreme.xml	CVSC	DREME-3	CASC	0	0	.	.	.	6.00e+00	0	0	0	0	1.00e+00	1.00e+00
dreme.xml	GSRGS	DREME-2	GSAGS	dreme.xml	GCWC	DREME-6	GCWC	0	0	.	.	.	6.00e+00	0	0	0	0	1.00e+00	1.00e+00
dreme.xml	GSRGS	DREME-2	GSAGS	dreme.xml	SCS	DREME-5	SCC	0	0	.	.	.	6.00e+00	0	0	0	0	1.00e+00	1.00e+00

# SpaMo (Spaced Motif Analysis Tool): Version 5.0.1 compiled on Aug  7 2018 at 21:56:31
# The format of this file is described at http://meme-suite.org/doc/spamo-output-format.html.
# spamo -verbosity 1 -oc memechip_out2/spamo_out_2 -bgfile memechip_out2/background -keepprimary -primary GSRGS memechip_out2/pos.fa.masked memechip_out2/dreme_out/dreme.xml memechip_out2/dreme_out/dreme.xml
