prim_db	prim_id	prim_alt	prim_cons	sec_db	sec_id	sec_alt	sec_cons	trim_left	trim_right	red_db	red_id	red_alt	E-value	gap	orient	count	total	adj_p-value	p-value
dreme.xml	GCWC	DREME-6	GCWC	dreme.xml	CSWS	DREME-4	CCWS	0	0	.	.	.	6.00e+00	0	0	0	0	1.00e+00	1.00e+00
dreme.xml	GCWC	DREME-6	GCWC	dreme.xml	CVSC	DREME-3	CASC	0	0	.	.	.	6.00e+00	0	0	0	0	1.00e+00	1.00e+00
dreme.xml	GCWC	DREME-6	GCWC	dreme.xml	GCCVYC	DREME-1	GCCMYC	0	0	.	.	.	6.00e+00	0	0	0	0	1.00e+00	1.00e+00
dreme.xml	GCWC	DREME-6	GCWC	dreme.xml	GCWC	DREME-6	GCWC	0	0	.	.	.	6.00e+00	0	0	0	0	1.00e+00	1.00e+00
dreme.xml	GCWC	DREME-6	GCWC	dreme.xml	GSRGS	DREME-2	GSAGS	0	0	.	.	.	6.00e+00	0	0	0	0	1.00e+00	1.00e+00
dreme.xml	GCWC	DREME-6	GCWC	dreme.xml	SCS	DREME-5	SCC	0	0	.	.	.	6.00e+00	0	0	0	0	1.00e+00	1.00e+00

# SpaMo (Spaced Motif Analysis Tool): Version 5.0.1 compiled on Aug  7 2018 at 21:56:31
# The format of this file is described at http://meme-suite.org/doc/spamo-output-format.html.
# spamo -verbosity 1 -oc memechip_out2/spamo_out_6 -bgfile memechip_out2/background -keepprimary -primary GCWC memechip_out2/pos.fa.masked memechip_out2/dreme_out/dreme.xml memechip_out2/dreme_out/dreme.xml
