db_index	motif_id	motif_alt_id	consensus	E-value	adj_p-value	log_adj_p-value	bin_location	bin_width	total_width	sites_in_bin	total_sites	p_success	p-value	mult_tests	neg_sites_in_bin	neg_sites	neg_adj_pvalue	log_neg_adj_pvalue	fisher_adj_pvalue	log_fisher_adj_pvalue
   1	GCCVYC	DREME-1	GCCMYC	2.7e-288	   4.5e-289	        -663.95	         0.0	     39.0	        395	        1075	       3207	  0.09873	2.3e-291	       197	         152	       1770	1.0e0	           0.00	1.8e-93	        -213.55	
   1	CVSC	DREME-3	CASC	4.4e-46	   7.3e-47	        -106.24	         0.0	     43.0	        397	         793	       4314	  0.10831	3.7e-49	       198	         364	       3480	1.0e0	           0.00	5.2e-21	         -46.71	
   1	GSRGS	DREME-2	GSAGS	1.6e-40	   2.6e-41	         -93.46	         0.0	     62.0	        396	        1004	       4204	  0.15657	1.3e-43	       197	         459	       3153	1.0e0	           0.00	1.4e-21	         -48.05	
   1	CSWS	DREME-4	CCWS	2.3e-18	   3.8e-19	         -42.41	         0.0	     65.0	        397	         972	       4451	  0.16373	1.9e-21	       198	         578	       3771	1.0e0	           0.00	4.8e-12	         -26.05	
   1	GCWC	DREME-6	GCWC	4.9e-14	   8.2e-15	         -32.44	         0.0	     71.0	        397	         972	       4232	  0.17884	4.1e-17	       198	         578	       3339	1.0e0	           0.00	1.3e-7	         -15.82	

# CentriMo (Local Motif Enrichment Analysis): Version 5.0.1 compiled on Aug  7 2018 at 21:56:17
# The format of this file is described at http://meme-suite.org/doc/centrimo-output-format.html.
# centrimo -seqlen 400 -verbosity 1 -oc memechip_out2/centrimo_out -bfile memechip_out2/background -neg memechip_out2/neg.fa.masked memechip_out2/pos.fa.masked memechip_out2/dreme_out/dreme.xml
