prim_db	prim_id	prim_alt	prim_cons	sec_db	sec_id	sec_alt	sec_cons	trim_left	trim_right	red_db	red_id	red_alt	E-value	gap	orient	count	total	adj_p-value	p-value
dreme.xml	GCCVYC	DREME-1	GCCMYC	dreme.xml	GSRGS	DREME-2	GSAGS	0	0	.	.	.	1.09e-13	1	6	94	9880	1.54e-18	1.38e-17
dreme.xml	GCCVYC	DREME-1	GCCMYC	dreme.xml	GSRGS	DREME-2	GSAGS	0	0	.	.	.	1.09e-13	1	2	60	9880	3.79e-17	3.41e-16
dreme.xml	GCCVYC	DREME-1	GCCMYC	dreme.xml	GSRGS	DREME-2	GSAGS	0	0	.	.	.	1.09e-13	1	8	140	9880	8.90e-16	8.01e-15
dreme.xml	GCCVYC	DREME-1	GCCMYC	dreme.xml	GSRGS	DREME-2	GSAGS	0	0	.	.	.	1.09e-13	1	7	83	9880	7.27e-14	6.55e-13
dreme.xml	GCCVYC	DREME-1	GCCMYC	dreme.xml	GSRGS	DREME-2	GSAGS	0	0	.	.	.	1.09e-13	5	8	113	9880	3.03e-08	2.73e-07
dreme.xml	GCCVYC	DREME-1	GCCMYC	dreme.xml	GSRGS	DREME-2	GSAGS	0	0	.	.	.	1.09e-13	5	7	63	9880	5.07e-07	4.56e-06
dreme.xml	GCCVYC	DREME-1	GCCMYC	dreme.xml	GSRGS	DREME-2	GSAGS	0	0	.	.	.	1.09e-13	4	6	62	9880	9.62e-07	8.66e-06
dreme.xml	GCCVYC	DREME-1	GCCMYC	dreme.xml	GSRGS	DREME-2	GSAGS	0	0	.	.	.	1.09e-13	4	2	37	9880	1.77e-06	1.60e-05
dreme.xml	GCCVYC	DREME-1	GCCMYC	dreme.xml	GSRGS	DREME-2	GSAGS	0	0	.	.	.	1.09e-13	8	8	104	9880	2.59e-06	2.33e-05
dreme.xml	GCCVYC	DREME-1	GCCMYC	dreme.xml	GSRGS	DREME-2	GSAGS	0	0	.	.	.	1.09e-13	5	6	60	9880	3.31e-06	2.98e-05
dreme.xml	GCCVYC	DREME-1	GCCMYC	dreme.xml	GSRGS	DREME-2	GSAGS	0	0	.	.	.	1.09e-13	21	6	60	9880	3.31e-06	2.98e-05
dreme.xml	GCCVYC	DREME-1	GCCMYC	dreme.xml	GSRGS	DREME-2	GSAGS	0	0	.	.	.	1.09e-13	28	6	60	9880	3.31e-06	2.98e-05
dreme.xml	GCCVYC	DREME-1	GCCMYC	dreme.xml	GSRGS	DREME-2	GSAGS	0	0	.	.	.	1.09e-13	21	8	103	9880	4.06e-06	3.65e-05
dreme.xml	GCCVYC	DREME-1	GCCMYC	dreme.xml	GCCVYC	DREME-1	GCCMYC	0	0	.	.	.	1.66e-03	1	3	19	2555	2.36e-08	2.12e-07
dreme.xml	GCCVYC	DREME-1	GCCMYC	dreme.xml	GCCVYC	DREME-1	GCCMYC	0	0	.	.	.	1.66e-03	1	7	24	2555	1.87e-06	1.68e-05
dreme.xml	GCCVYC	DREME-1	GCCMYC	dreme.xml	CSWS	DREME-4	CCWS	0	0	.	.	.	6.00e+00	0	0	0	0	1.00e+00	1.00e+00
dreme.xml	GCCVYC	DREME-1	GCCMYC	dreme.xml	CVSC	DREME-3	CASC	0	0	.	.	.	6.00e+00	0	0	0	0	1.00e+00	1.00e+00
dreme.xml	GCCVYC	DREME-1	GCCMYC	dreme.xml	GCWC	DREME-6	GCWC	0	0	.	.	.	6.00e+00	0	0	0	0	1.00e+00	1.00e+00
dreme.xml	GCCVYC	DREME-1	GCCMYC	dreme.xml	SCS	DREME-5	SCC	0	0	.	.	.	6.00e+00	0	0	0	0	1.00e+00	1.00e+00

# SpaMo (Spaced Motif Analysis Tool): Version 5.0.1 compiled on Aug  7 2018 at 21:56:31
# The format of this file is described at http://meme-suite.org/doc/spamo-output-format.html.
# spamo -verbosity 1 -oc memechip_out2/spamo_out_1 -bgfile memechip_out2/background -keepprimary -primary GCCVYC memechip_out2/pos.fa.masked memechip_out2/dreme_out/dreme.xml memechip_out2/dreme_out/dreme.xml
