<dreme version="5.0.1" release="Thu Jul 26 17:15:19 2018 -0700">
  <model>
    <command_line>dreme -verbosity 1 -oc memechip_out2/dreme_out -png -dna -p memechip_out2/seqs-centered -n memechip_out2/control-centered</command_line>
    <positives name="seqs-centered" count="4146" file="memechip_out2/seqs-centered" last_mod_date="Wed Aug 08 13:49:06 PDT 2018" />
    <negatives name="control-centered" count="3380" from="file" file="memechip_out2/control-centered" last_mod_date="Wed Aug 08 13:49:06 PDT 2018" />
    <alphabet name="DNA" like="dna">
      <letter id="A" symbol="A" complement="T" name="Adenine" colour="CC0000"/>
      <letter id="C" symbol="C" complement="G" name="Cytosine" colour="0000CC"/>
      <letter id="G" symbol="G" complement="C" name="Guanine" colour="FFB300"/>
      <letter id="T" symbol="T" aliases="U" complement="A" name="Thymine" colour="008000"/>
      <letter id="N" symbol="N" aliases="X." equals="ACGT" name="Any base"/>
      <letter id="V" symbol="V" equals="ACG" name="Not T"/>
      <letter id="H" symbol="H" equals="ACT" name="Not G"/>
      <letter id="D" symbol="D" equals="AGT" name="Not C"/>
      <letter id="B" symbol="B" equals="CGT" name="Not A"/>
      <letter id="M" symbol="M" equals="AC" name="Amino"/>
      <letter id="R" symbol="R" equals="AG" name="Purine"/>
      <letter id="W" symbol="W" equals="AT" name="Weak"/>
      <letter id="S" symbol="S" equals="CG" name="Strong"/>
      <letter id="Y" symbol="Y" equals="CT" name="Pyrimidine"/>
      <letter id="K" symbol="K" equals="GT" name="Keto"/>
    </alphabet>
    <strands>both</strands>
    <background A="0.274" C="0.223" G="0.226" T="0.276" from="dataset"/>
    <stop evalue="0.05"/>
    <ngen>100</ngen>
    <add_pv_thresh>0.01</add_pv_thresh>
    <seed>1</seed>
    <host>nandi</host>
    <when>Wed Aug 08 14:06:25 PDT 2018</when>
  </model>
  <motifs>
    <motif id="m01" alt="DREME-1" seq="GCCVYC" length="6" nsites="3358" p="2372" n="639" pvalue="4.0e-261" evalue="1.8e-256" unerased_evalue="1.8e-256">
      <pos A="0.000000" C="0.000000" G="1.000000" T="0.000000"/>
      <pos A="0.000000" C="1.000000" G="0.000000" T="0.000000"/>
      <pos A="0.000000" C="1.000000" G="0.000000" T="0.000000"/>
      <pos A="0.349315" C="0.483323" G="0.167362" T="0.000000"/>
      <pos A="0.000000" C="0.652770" G="0.000000" T="0.347230"/>
      <pos A="0.000000" C="1.000000" G="0.000000" T="0.000000"/>
      <match seq="GCCCCC" p="824" n="202" pvalue="1.2e-073" evalue="5.7e-069"/>
      <match seq="GCCACC" p="764" n="178" pvalue="1.9e-071" evalue="8.9e-067"/>
      <match seq="GCCCTC" p="696" n="181" pvalue="3.2e-057" evalue="1.5e-052"/>
      <match seq="GCCGCC" p="441" n="113" pvalue="5.1e-036" evalue="2.3e-031"/>
      <match seq="GCCATC" p="341" n="97" pvalue="1.5e-024" evalue="6.9e-020"/>
      <match seq="GCCGTC" p="85" n="30" pvalue="2.1e-005" evalue="9.8e-001"/>
    </motif>
    <motif id="m02" alt="DREME-2" seq="GSRGS" length="5" nsites="9305" p="3385" n="1828" pvalue="9.0e-148" evalue="4.0e-143" unerased_evalue="2.9e-193">
      <pos A="0.000000" C="0.000000" G="1.000000" T="0.000000"/>
      <pos A="0.000000" C="0.485760" G="0.514240" T="0.000000"/>
      <pos A="0.693283" C="0.000000" G="0.306717" T="0.000000"/>
      <pos A="0.000000" C="0.000000" G="1.000000" T="0.000000"/>
      <pos A="0.000000" C="0.484148" G="0.515852" T="0.000000"/>
      <match seq="GGAGC" p="1294" n="516" pvalue="3.2e-060" evalue="1.4e-055"/>
      <match seq="GCAGG" p="1581" n="717" pvalue="6.9e-058" evalue="3.0e-053"/>
      <match seq="GCAGC" p="1409" n="612" pvalue="2.4e-055" evalue="1.1e-050"/>
      <match seq="GGAGG" p="1564" n="734" pvalue="6.2e-052" evalue="2.7e-047"/>
      <match seq="GGGGC" p="1022" n="440" pvalue="4.8e-038" evalue="2.1e-033"/>
      <match seq="GCGGC" p="532" n="162" pvalue="3.9e-035" evalue="1.7e-030"/>
      <match seq="GCGGG" p="677" n="286" pvalue="3.7e-025" evalue="1.6e-020"/>
      <match seq="GGGGG" p="627" n="314" pvalue="9.5e-015" evalue="4.2e-010"/>
    </motif>
    <motif id="m03" alt="DREME-3" seq="CVSC" length="4" nsites="9121" p="3531" n="2173" pvalue="1.2e-098" evalue="4.8e-094" unerased_evalue="4.1e-146">
      <pos A="0.000000" C="1.000000" G="0.000000" T="0.000000"/>
      <pos A="0.630742" C="0.181340" G="0.187918" T="0.000000"/>
      <pos A="0.000000" C="0.548076" G="0.451924" T="0.000000"/>
      <pos A="0.000000" C="1.000000" G="0.000000" T="0.000000"/>
      <match seq="CGCC" p="869" n="316" pvalue="6.3e-045" evalue="2.6e-040"/>
      <match seq="CAGC" p="2139" n="1209" pvalue="2.1e-043" evalue="8.6e-039"/>
      <match seq="CACC" p="2118" n="1215" pvalue="6.4e-040" evalue="2.6e-035"/>
      <match seq="CGGC" p="741" n="301" pvalue="3.0e-030" evalue="1.2e-025"/>
      <match seq="CCGC" p="499" n="206" pvalue="2.4e-019" evalue="1.0e-014"/>
      <match seq="CCCC" p="1114" n="663" pvalue="7.9e-014" evalue="3.2e-009"/>
    </motif>
    <motif id="m04" alt="DREME-4" seq="CSWS" length="4" nsites="9758" p="3660" n="2508" pvalue="2.6e-056" evalue="8.7e-052" unerased_evalue="3.6e-071">
      <pos A="0.000000" C="1.000000" G="0.000000" T="0.000000"/>
      <pos A="0.000000" C="0.802316" G="0.197684" T="0.000000"/>
      <pos A="0.486575" C="0.000000" G="0.000000" T="0.513425"/>
      <pos A="0.000000" C="0.442201" G="0.557799" T="0.000000"/>
      <match seq="CCAC" p="1503" n="885" pvalue="4.3e-021" evalue="1.4e-016"/>
      <match seq="CGAG" p="625" n="309" pvalue="2.7e-015" evalue="9.0e-011"/>
      <match seq="CCTG" p="1925" n="1281" pvalue="5.3e-014" evalue="1.8e-009"/>
      <match seq="CCAG" p="1919" n="1279" pvalue="9.2e-014" evalue="3.1e-009"/>
      <match seq="CCTC" p="1550" n="992" pvalue="1.2e-013" evalue="3.9e-009"/>
      <match seq="CGTC" p="502" n="261" pvalue="1.5e-010" evalue="5.1e-006"/>
      <match seq="CGAC" p="391" n="202" pvalue="1.5e-008" evalue="4.9e-004"/>
      <match seq="CGTG" p="655" n="386" pvalue="2.2e-008" evalue="7.4e-004"/>
    </motif>
    <motif id="m05" alt="DREME-5" seq="SCS" length="3" nsites="6136" p="3083" n="2139" pvalue="2.5e-025" evalue="6.3e-021" unerased_evalue="1.8e-059">
      <pos A="0.000000" C="0.490874" G="0.509126" T="0.000000"/>
      <pos A="0.000000" C="1.000000" G="0.000000" T="0.000000"/>
      <pos A="0.000000" C="0.749511" G="0.250489" T="0.000000"/>
      <match seq="GCG" p="604" n="264" pvalue="1.3e-020" evalue="3.2e-016"/>
      <match seq="CCG" p="787" n="427" pvalue="3.8e-014" evalue="9.4e-010"/>
      <match seq="GCC" p="1970" n="1324" pvalue="2.2e-013" evalue="5.4e-009"/>
      <match seq="CCC" p="1945" n="1386" pvalue="1.6e-007" evalue="4.0e-003"/>
    </motif>
    <motif id="m06" alt="DREME-6" seq="GCWC" length="4" nsites="1458" p="1218" n="826" pvalue="8.9e-007" evalue="1.6e-002" unerased_evalue="8.1e-091">
      <pos A="0.000000" C="0.000000" G="1.000000" T="0.000000"/>
      <pos A="0.000000" C="1.000000" G="0.000000" T="0.000000"/>
      <pos A="0.458848" C="0.000000" G="0.000000" T="0.541152"/>
      <pos A="0.000000" C="1.000000" G="0.000000" T="0.000000"/>
      <match seq="GCTC" p="749" n="496" pvalue="4.4e-005" evalue="8.1e-001"/>
      <match seq="GCAC" p="636" n="422" pvalue="2.1e-004" evalue="3.9e+000"/>
    </motif>
  </motifs>
  <run_time cpu="115.05" real="117.23" stop="evalue"/>
</dreme>
